Model Name,Provider,Dataset,MMLU-Pro,AA-LCR,Intelligence Index,Coding Index,Math Index,SciCode,MMLU,AALCR,τ²-Bench,Telecom,HellaSwag,ARC,TruthfulQA,GSM8K,Winogrande,GPQA,HLE,LiveCodeBench,Math 500,AIME
gpt-oss-20B (low),OpenAI,OpenAI training dataset,71.80%,31.00%,44.30%,34.50%,62.30%,34.00%,N/A,N/A,N/A,N/A,N/A,N/A,N/A,N/A,N/A,61.10%,5.10%,65.20%,N/A,N/A
gpt-oss-120B (high),OpenAI,OpenAI training dataset,80.80%,50.70%,60.50%,49.60%,93.40%,38.90%,N/A,N/A,N/A,N/A,N/A,N/A,N/A,N/A,N/A,78.20%,18.50%,87.80%,N/A,N/A
gpt-oss-20B (high),OpenAI,OpenAI training dataset,74.80%,34.30%,52.40%,40.70%,89.30%,34.40%,N/A,N/A,N/A,N/A,N/A,N/A,N/A,N/A,N/A,68.80%,9.80%,77.70%,N/A,N/A
gpt-oss-120B (low),OpenAI,OpenAI training dataset,77.50%,43.70%,47.50%,37.20%,66.70%,36.00%,N/A,N/A,N/A,N/A,N/A,N/A,N/A,N/A,N/A,67.20%,5.20%,70.70%,N/A,N/A
GPT-5.1 (Non-reasoning),OpenAI,OpenAI training dataset,80.10%,44.00%,42.90%,35.70%,38.00%,36.50%,N/A,N/A,N/A,N/A,N/A,N/A,N/A,N/A,N/A,64.30%,5.20%,49.40%,N/A,N/A
GPT-5 (low),OpenAI,OpenAI training dataset,86.00%,58.70%,61.80%,46.80%,83.00%,39.10%,N/A,N/A,N/A,N/A,N/A,N/A,N/A,N/A,N/A,80.80%,18.40%,76.30%,98.70%,83.00%
GPT-5 mini (high),OpenAI,OpenAI training dataset,83.70%,68.00%,64.30%,51.40%,90.70%,39.20%,N/A,N/A,N/A,N/A,N/A,N/A,N/A,N/A,N/A,82.80%,19.70%,83.80%,N/A,N/A
GPT-5 mini (minimal),OpenAI,OpenAI training dataset,77.50%,35.70%,41.60%,35.00%,46.70%,36.90%,N/A,N/A,N/A,N/A,N/A,N/A,N/A,N/A,N/A,68.70%,5.00%,54.50%,N/A,N/A
GPT-5 (high),OpenAI,OpenAI training dataset,87.10%,75.60%,68.50%,52.70%,94.30%,42.90%,N/A,N/A,N/A,N/A,N/A,N/A,N/A,N/A,N/A,85.40%,26.50%,84.60%,99.40%,95.70%
Grok-1,xAI,xAI training dataset,N/A,N/A,18.20%,N/A,N/A,N/A,N/A,N/A,N/A,N/A,N/A,N/A,N/A,N/A,N/A,N/A,N/A,N/A,N/A,N/A
GPT-5 (minimal),OpenAI,OpenAI training dataset,80.60%,25.00%,43.50%,37.40%,31.70%,38.80%,N/A,N/A,N/A,N/A,N/A,N/A,N/A,N/A,N/A,67.30%,5.40%,55.80%,86.10%,36.70%
GPT-5 (medium),OpenAI,OpenAI training dataset,86.70%,72.80%,66.40%,49.20%,91.70%,41.10%,N/A,N/A,N/A,N/A,N/A,N/A,N/A,N/A,N/A,84.20%,23.50%,70.30%,99.10%,91.70%
o3,OpenAI,OpenAI training dataset,85.30%,69.30%,65.50%,52.20%,88.30%,41.00%,N/A,N/A,N/A,N/A,N/A,N/A,N/A,N/A,N/A,82.70%,20.00%,80.80%,99.20%,90.30%
GPT-5 nano (high),OpenAI,OpenAI training dataset,78.00%,41.70%,51.00%,42.30%,83.70%,36.60%,N/A,N/A,N/A,N/A,N/A,N/A,N/A,N/A,N/A,67.60%,8.20%,78.90%,N/A,N/A
GPT-5 (ChatGPT),OpenAI,OpenAI training dataset,82.00%,63.70%,41.80%,34.70%,48.30%,37.80%,N/A,N/A,N/A,N/A,N/A,N/A,N/A,N/A,N/A,68.60%,5.80%,54.30%,N/A,N/A
GPT-5 Codex (high),OpenAI,OpenAI training dataset,86.50%,69.00%,68.50%,53.50%,98.70%,40.90%,N/A,N/A,N/A,N/A,N/A,N/A,N/A,N/A,N/A,83.70%,25.60%,84.00%,N/A,N/A
GPT-5 nano (minimal),OpenAI,OpenAI training dataset,55.60%,20.00%,29.10%,27.50%,27.30%,29.10%,N/A,N/A,N/A,N/A,N/A,N/A,N/A,N/A,N/A,42.80%,4.10%,47.00%,N/A,N/A
GPT-5 nano (medium),OpenAI,OpenAI training dataset,77.20%,40.00%,49.30%,42.10%,78.30%,33.80%,N/A,N/A,N/A,N/A,N/A,N/A,N/A,N/A,N/A,67.00%,7.60%,76.30%,N/A,N/A
GPT-5 mini (medium),OpenAI,OpenAI training dataset,82.80%,66.00%,60.80%,45.70%,85.00%,41.00%,N/A,N/A,N/A,N/A,N/A,N/A,N/A,N/A,N/A,80.30%,14.60%,69.20%,N/A,N/A
GPT-5.1 (high),OpenAI,OpenAI training dataset,87.00%,75.00%,69.70%,57.50%,94.00%,43.30%,N/A,N/A,N/A,N/A,N/A,N/A,N/A,N/A,N/A,87.30%,26.50%,86.80%,N/A,N/A
Llama 3.3 Instruct 70B,Meta,Meta training dataset,71.30%,15.00%,27.90%,19.20%,7.70%,26.00%,N/A,N/A,N/A,N/A,N/A,N/A,N/A,N/A,N/A,49.80%,4.00%,28.80%,77.30%,30.00%
Llama 3.1 Instruct 405B,Meta,Meta training dataset,73.20%,24.30%,28.10%,22.20%,3.00%,29.90%,N/A,N/A,N/A,N/A,N/A,N/A,N/A,N/A,N/A,51.50%,4.20%,30.50%,70.30%,21.30%
Llama 3.2 Instruct 90B (Vision),Meta,Meta training dataset,67.10%,N/A,18.90%,N/A,N/A,24.00%,N/A,N/A,N/A,N/A,N/A,N/A,N/A,N/A,N/A,43.20%,4.90%,21.40%,62.90%,5.00%
Llama 3.2 Instruct 11B (Vision),Meta,Meta training dataset,46.40%,11.70%,15.50%,7.70%,1.70%,11.20%,N/A,N/A,N/A,N/A,N/A,N/A,N/A,N/A,N/A,22.10%,5.20%,11.00%,51.60%,9.30%
Llama 4 Scout,Meta,Meta training dataset,75.20%,25.80%,28.10%,16.10%,14.00%,17.00%,N/A,N/A,N/A,N/A,N/A,N/A,N/A,N/A,N/A,58.70%,4.30%,29.90%,84.40%,28.30%
Llama 4 Maverick,Meta,Meta training dataset,80.90%,46.00%,35.80%,26.40%,19.30%,33.10%,N/A,N/A,N/A,N/A,N/A,N/A,N/A,N/A,N/A,67.10%,4.80%,39.70%,88.90%,39.00%
Gemini 3 Pro Preview,Google,Google training dataset,89.80%,70.70%,72.80%,62.30%,95.70%,56.10%,N/A,N/A,N/A,N/A,N/A,N/A,N/A,N/A,N/A,90.80%,37.20%,91.70%,N/A,N/A
Gemini 2.5 Flash-Lite Preview (Sep '25) (Non-reasoning),Google,Google training dataset,79.60%,48.00%,41.60%,33.20%,46.70%,28.50%,N/A,N/A,N/A,N/A,N/A,N/A,N/A,N/A,N/A,65.10%,4.60%,64.10%,N/A,N/A
Gemma 3 1B Instruct,Google,Google training dataset,13.50%,0.00%,6.80%,80.00%,3.30%,0.70%,N/A,N/A,N/A,N/A,N/A,N/A,N/A,N/A,N/A,23.70%,5.20%,1.70%,48.40%,0.00%
Gemma 3n E4B Instruct,Google,Google training dataset,48.80%,0.00%,15.50%,8.30%,14.30%,8.10%,N/A,N/A,N/A,N/A,N/A,N/A,N/A,N/A,N/A,29.60%,4.40%,14.60%,77.10%,13.70%
Gemini 2.5 Flash Preview (Sep '25) (Reasoning),Google,Google training dataset,84.20%,64.30%,54.40%,42.50%,78.30%,40.50%,N/A,N/A,N/A,N/A,N/A,N/A,N/A,N/A,N/A,79.30%,12.70%,71.30%,N/A,N/A
Gemma 3 27B Instruct,Google,Google training dataset,66.90%,5.70%,22.10%,12.80%,20.70%,21.20%,N/A,N/A,N/A,N/A,N/A,N/A,N/A,N/A,N/A,42.80%,4.70%,13.70%,88.30%,25.30%
Gemma 3 270M,Google,Google training dataset,5.50%,0.00%,5.60%,10.00%,2.30%,0.00%,N/A,N/A,N/A,N/A,N/A,N/A,N/A,N/A,N/A,22.40%,4.20%,0.30%,N/A,N/A
Gemini 2.5 Pro,Google,Google training dataset,86.20%,66.00%,59.60%,49.30%,87.70%,42.80%,N/A,N/A,N/A,N/A,N/A,N/A,N/A,N/A,N/A,84.40%,21.10%,80.10%,96.70%,88.70%
Gemini 2.5 Flash-Lite Preview (Sep '25) (Reasoning),Google,Google training dataset,80.80%,59.00%,47.90%,36.50%,68.70%,28.70%,N/A,N/A,N/A,N/A,N/A,N/A,N/A,N/A,N/A,70.90%,6.60%,68.80%,N/A,N/A
Gemma 3n E2B Instruct,Google,Google training dataset,37.80%,0.00%,11.30%,5.20%,10.30%,5.20%,N/A,N/A,N/A,N/A,N/A,N/A,N/A,N/A,N/A,22.90%,4.00%,9.50%,69.10%,9.00%
Gemma 3 12B Instruct,Google,Google training dataset,59.50%,6.70%,20.40%,10.60%,18.30%,17.40%,N/A,N/A,N/A,N/A,N/A,N/A,N/A,N/A,N/A,34.90%,4.80%,13.70%,85.30%,22.00%
Gemma 3 4B Instruct,Google,Google training dataset,41.70%,5.70%,14.70%,6.40%,12.70%,7.30%,N/A,N/A,N/A,N/A,N/A,N/A,N/A,N/A,N/A,29.10%,5.20%,11.20%,76.60%,6.30%
Gemini 2.5 Flash Preview (Sep '25) (Non-reasoning),Google,Google training dataset,83.60%,56.70%,46.70%,37.80%,56.70%,37.50%,N/A,N/A,N/A,N/A,N/A,N/A,N/A,N/A,N/A,76.60%,7.80%,62.50%,N/A,N/A
Claude 4.5 Sonnet (Reasoning),Anthropic,Anthropic training dataset,87.50%,65.70%,62.70%,49.80%,88.00%,44.70%,N/A,N/A,N/A,N/A,N/A,N/A,N/A,N/A,N/A,83.40%,17.30%,71.40%,N/A,N/A
Claude 4.1 Opus (Reasoning),Anthropic,Anthropic training dataset,88.00%,66.30%,59.30%,46.10%,80.30%,40.90%,N/A,N/A,N/A,N/A,N/A,N/A,N/A,N/A,N/A,80.90%,11.90%,65.40%,N/A,N/A
Claude 4.5 Sonnet (Non-reasoning),Anthropic,Anthropic training dataset,86.00%,51.30%,49.60%,42.90%,37.00%,42.80%,N/A,N/A,N/A,N/A,N/A,N/A,N/A,N/A,N/A,72.70%,7.10%,59.00%,N/A,N/A
Claude 4.1 Opus (Non-reasoning),Anthropic,Anthropic training dataset,N/A,N/A,44.60%,N/A,N/A,N/A,N/A,N/A,N/A,N/A,N/A,N/A,N/A,N/A,N/A,N/A,N/A,N/A,N/A,N/A
Claude 4.5 Haiku (Reasoning),Anthropic,Anthropic training dataset,76.00%,70.30%,54.60%,43.40%,83.70%,43.30%,N/A,N/A,N/A,N/A,N/A,N/A,N/A,N/A,N/A,67.20%,9.70%,61.50%,N/A,N/A
Claude 4.5 Haiku (Non-reasoning),Anthropic,Anthropic training dataset,80.00%,43.70%,41.70%,37.00%,39.00%,34.40%,N/A,N/A,N/A,N/A,N/A,N/A,N/A,N/A,N/A,64.60%,4.30%,51.10%,N/A,N/A
Ministral 8B,Mistral,Mistral training dataset,38.90%,7.70%,12.40%,7.60%,3.00%,11.50%,N/A,N/A,N/A,N/A,N/A,N/A,N/A,N/A,N/A,27.60%,4.90%,11.20%,57.10%,3.70%
Ministral 3B,Mistral,Mistral training dataset,33.90%,6.70%,10.90%,5.40%,30.00%,9.40%,N/A,N/A,N/A,N/A,N/A,N/A,N/A,N/A,N/A,26.00%,5.50%,6.90%,53.70%,0.00%
Mistral Medium 3.1,Mistral,Mistral training dataset,68.30%,19.70%,35.40%,28.10%,38.30%,33.80%,N/A,N/A,N/A,N/A,N/A,N/A,N/A,N/A,N/A,58.80%,4.40%,40.60%,N/A,N/A
Devstral Small (Jul '25),Mistral,Mistral training dataset,62.20%,17.00%,27.20%,18.50%,29.30%,24.30%,N/A,N/A,N/A,N/A,N/A,N/A,N/A,N/A,N/A,41.40%,3.70%,25.40%,63.50%,0.30%
Codestral (Jan '25),Mistral,Mistral training dataset,44.60%,15.00%,20.10%,16.30%,6.00%,24.70%,N/A,N/A,N/A,N/A,N/A,N/A,N/A,N/A,N/A,31.20%,4.50%,24.30%,60.70%,4.30%
Magistral Medium 1.2,Mistral,Mistral training dataset,81.50%,51.30%,52.00%,42.30%,82.00%,39.20%,N/A,N/A,N/A,N/A,N/A,N/A,N/A,N/A,N/A,73.90%,9.60%,75.00%,N/A,N/A
Magistral Small 1.2,Mistral,Mistral training dataset,76.80%,16.30%,43.00%,37.20%,80.30%,35.20%,N/A,N/A,N/A,N/A,N/A,N/A,N/A,N/A,N/A,66.30%,6.10%,72.30%,N/A,N/A
Devstral Medium,Mistral,Mistral training dataset,70.80%,28.70%,27.90%,23.90%,4.70%,29.40%,N/A,N/A,N/A,N/A,N/A,N/A,N/A,N/A,N/A,49.20%,3.80%,33.70%,70.70%,6.70%
Mistral Small 3.2,Mistral,Mistral training dataset,68.10%,17.30%,29.10%,20.10%,27.00%,26.40%,N/A,N/A,N/A,N/A,N/A,N/A,N/A,N/A,N/A,50.50%,4.30%,27.50%,88.30%,32.30%
DeepSeek R1 Distill Llama 70B,DeepSeek,DeepSeek training dataset,79.50%,11.00%,29.90%,19.70%,53.70%,31.20%,N/A,N/A,N/A,N/A,N/A,N/A,N/A,N/A,N/A,40.20%,6.10%,26.60%,93.50%,67.00%
DeepSeek V3.2 Exp (Reasoning),DeepSeek,DeepSeek training dataset,85.00%,69.00%,56.90%,48.60%,87.70%,37.70%,N/A,N/A,N/A,N/A,N/A,N/A,N/A,N/A,N/A,79.70%,13.80%,78.90%,N/A,N/A
DeepSeek R1 0528 Qwen3 8B,DeepSeek,DeepSeek training dataset,73.90%,13.00%,31.00%,24.40%,63.70%,20.40%,N/A,N/A,N/A,N/A,N/A,N/A,N/A,N/A,N/A,61.20%,5.60%,51.30%,93.20%,65.00%
DeepSeek V3.2 Exp (Non-reasoning),DeepSeek,DeepSeek training dataset,83.60%,43.00%,46.30%,39.60%,57.70%,39.90%,N/A,N/A,N/A,N/A,N/A,N/A,N/A,N/A,N/A,73.80%,8.60%,55.40%,N/A,N/A
DeepSeek R1 0528 (May '25),DeepSeek,DeepSeek training dataset,84.90%,54.70%,52.00%,44.10%,76.00%,40.30%,N/A,N/A,N/A,N/A,N/A,N/A,N/A,N/A,N/A,81.30%,14.90%,77.00%,98.30%,89.30%
DeepSeek V3.1 Terminus (Non-reasoning),DeepSeek,DeepSeek training dataset,83.60%,43.30%,45.70%,38.30%,53.70%,32.10%,N/A,N/A,N/A,N/A,N/A,N/A,N/A,N/A,N/A,75.10%,8.40%,52.90%,N/A,N/A
DeepSeek V3.1 Terminus (Reasoning),DeepSeek,DeepSeek training dataset,85.10%,65.00%,57.70%,49.60%,89.70%,40.60%,N/A,N/A,N/A,N/A,N/A,N/A,N/A,N/A,N/A,79.20%,15.20%,79.80%,N/A,N/A
DeepSeek-OCR,DeepSeek,DeepSeek training dataset,N/A,N/A,N/A,N/A,N/A,N/A,N/A,N/A,N/A,N/A,N/A,N/A,N/A,N/A,N/A,N/A,N/A,N/A,N/A,N/A
R1 1776,Perplexity,Perplexity training dataset,N/A,N/A,19.10%,N/A,N/A,N/A,N/A,N/A,N/A,N/A,N/A,N/A,N/A,N/A,N/A,N/A,N/A,N/A,95.40%,N/A
Grok 4 Fast (Non-reasoning),xAI,xAI training dataset,73.00%,20.00%,38.60%,28.10%,41.30%,32.90%,N/A,N/A,N/A,N/A,N/A,N/A,N/A,N/A,N/A,60.60%,5.00%,40.10%,N/A,N/A
Grok Code Fast 1,xAI,xAI training dataset,79.30%,48.30%,48.60%,39.40%,43.30%,36.20%,N/A,N/A,N/A,N/A,N/A,N/A,N/A,N/A,N/A,72.70%,7.50%,65.70%,N/A,N/A
Grok 4.1 Fast (Reasoning),xAI,xAI training dataset,85.40%,68.00%,64.10%,49.70%,89.30%,44.20%,N/A,N/A,N/A,N/A,N/A,N/A,N/A,N/A,N/A,85.30%,17.60%,82.20%,N/A,N/A
Grok 4 Fast (Reasoning),xAI,xAI training dataset,85.00%,64.70%,60.30%,48.40%,89.70%,44.20%,N/A,N/A,N/A,N/A,N/A,N/A,N/A,N/A,N/A,84.70%,17.00%,83.20%,N/A,N/A
Grok 4,xAI,xAI training dataset,86.60%,68.00%,65.30%,55.10%,92.70%,45.70%,N/A,N/A,N/A,N/A,N/A,N/A,N/A,N/A,N/A,87.70%,23.90%,81.90%,99.00%,94.30%
Grok 3 mini Reasoning (high),xAI,xAI training dataset,82.80%,50.30%,57.10%,42.20%,84.70%,40.60%,N/A,N/A,N/A,N/A,N/A,N/A,N/A,N/A,N/A,79.10%,11.10%,69.60%,99.20%,93.30%
Nova Pro,Amazon,Amazon training dataset,69.10%,19.00%,25.00%,16.60%,7.00%,20.80%,N/A,N/A,N/A,N/A,N/A,N/A,N/A,N/A,N/A,49.90%,3.40%,23.30%,78.60%,10.70%
Nova Lite,Amazon,Amazon training dataset,59.00%,17.70%,21.40%,10.40%,7.00%,13.90%,N/A,N/A,N/A,N/A,N/A,N/A,N/A,N/A,N/A,43.30%,4.60%,16.70%,76.50%,10.70%
Nova Micro,Amazon,Amazon training dataset,53.10%,9.70%,17.70%,8.30%,6.00%,9.40%,N/A,N/A,N/A,N/A,N/A,N/A,N/A,N/A,N/A,35.80%,4.70%,14.00%,70.30%,8.00%
Nova Premier,Amazon,Amazon training dataset,73.30%,30.00%,32.30%,22.00%,17.30%,27.90%,N/A,N/A,N/A,N/A,N/A,N/A,N/A,N/A,N/A,56.90%,4.70%,31.70%,83.90%,17.00%
Phi-4,Microsoft Azure,Microsoft Azure training dataset,71.40%,0.00%,22.70%,17.60%,18.00%,26.00%,N/A,N/A,N/A,N/A,N/A,N/A,N/A,N/A,N/A,57.50%,4.10%,23.10%,81.00%,14.30%
Phi-4 Mini Instruct,Microsoft Azure,Microsoft Azure training dataset,46.50%,13.70%,15.70%,7.80%,6.70%,10.80%,N/A,N/A,N/A,N/A,N/A,N/A,N/A,N/A,N/A,33.10%,4.20%,12.60%,69.60%,3.00%
Phi-4 Multimodal Instruct,Microsoft Azure,Microsoft Azure training dataset,48.50%,N/A,12.40%,N/A,N/A,11.00%,N/A,N/A,N/A,N/A,N/A,N/A,N/A,N/A,N/A,31.50%,4.40%,13.10%,69.30%,9.30%
LFM2 1.2B,Liquid AI,Liquid AI training dataset,25.70%,0.00%,9.70%,1.50%,3.30%,2.50%,N/A,N/A,N/A,N/A,N/A,N/A,N/A,N/A,N/A,22.80%,5.70%,2.00%,N/A,N/A
LFM2 2.6B,Liquid AI,Liquid AI training dataset,29.80%,0.00%,11.80%,3.80%,8.30%,2.50%,N/A,N/A,N/A,N/A,N/A,N/A,N/A,N/A,N/A,30.60%,5.20%,8.10%,N/A,N/A
LFM2 8B A1B,Liquid AI,Liquid AI training dataset,50.50%,0.00%,17.40%,7.30%,25.30%,6.80%,N/A,N/A,N/A,N/A,N/A,N/A,N/A,N/A,N/A,34.40%,4.90%,15.10%,N/A,N/A
Solar Pro 2 (Reasoning),Upstage,Upstage training dataset,80.50%,0.00%,37.70%,31.50%,61.30%,30.20%,N/A,N/A,N/A,N/A,N/A,N/A,N/A,N/A,N/A,68.70%,7.00%,61.60%,96.70%,69.00%
Solar Pro 2 (Non-reasoning),Upstage,Upstage training dataset,75.00%,0.00%,30.20%,23.80%,30.00%,24.80%,N/A,N/A,N/A,N/A,N/A,N/A,N/A,N/A,N/A,56.10%,3.80%,42.40%,88.90%,40.70%
MiniMax-Text-01,MiniMax,MiniMax training dataset,75.90%,33.00%,28.30%,17.30%,12.30%,25.00%,N/A,N/A,N/A,N/A,N/A,N/A,N/A,N/A,N/A,57.80%,4.20%,24.70%,75.30%,13.00%
MiniMax-M2,MiniMax,MiniMax training dataset,82.00%,61.00%,61.40%,47.60%,78.30%,36.10%,N/A,N/A,N/A,N/A,N/A,N/A,N/A,N/A,N/A,77.70%,12.50%,82.60%,N/A,N/A
Llama 3.1 Nemotron Instruct 70B,NVIDIA,NVIDIA training dataset,69.00%,7.00%,23.60%,14.80%,11.00%,23.30%,N/A,N/A,N/A,N/A,N/A,N/A,N/A,N/A,N/A,46.50%,4.60%,16.90%,73.30%,24.70%
Llama Nemotron Super 49B v1.5 (Non-reasoning),NVIDIA,NVIDIA training dataset,69.20%,22.00%,26.60%,18.80%,8.00%,23.80%,N/A,N/A,N/A,N/A,N/A,N/A,N/A,N/A,N/A,48.10%,4.30%,29.00%,77.00%,13.70%
Llama 3.3 Nemotron Super 49B v1 (Reasoning),NVIDIA,NVIDIA training dataset,78.50%,17.00%,35.50%,18.70%,54.70%,28.20%,N/A,N/A,N/A,N/A,N/A,N/A,N/A,N/A,N/A,64.30%,6.50%,27.70%,95.90%,58.30%
Llama 3.3 Nemotron Super 49B v1 (Non-reasoning),NVIDIA,NVIDIA training dataset,69.80%,11.30%,25.90%,17.00%,7.70%,22.90%,N/A,N/A,N/A,N/A,N/A,N/A,N/A,N/A,N/A,51.70%,3.50%,28.00%,77.50%,19.30%
Llama 3.1 Nemotron Ultra 253B v1 (Reasoning),NVIDIA,NVIDIA training dataset,82.50%,7.30%,38.50%,33.70%,63.70%,34.70%,N/A,N/A,N/A,N/A,N/A,N/A,N/A,N/A,N/A,72.80%,8.10%,64.10%,95.20%,74.70%
NVIDIA Nemotron Nano 9B V2 (Reasoning),NVIDIA,NVIDIA training dataset,74.20%,21.00%,37.20%,31.90%,69.70%,22.00%,N/A,N/A,N/A,N/A,N/A,N/A,N/A,N/A,N/A,57.00%,4.60%,72.40%,N/A,N/A
NVIDIA Nemotron Nano 9B V2 (Non-reasoning),NVIDIA,NVIDIA training dataset,73.90%,22.70%,36.10%,30.60%,62.30%,20.90%,N/A,N/A,N/A,N/A,N/A,N/A,N/A,N/A,N/A,55.70%,4.00%,70.10%,N/A,N/A
Llama 3.1 Nemotron Nano 4B v1.1 (Reasoning),NVIDIA,NVIDIA training dataset,55.60%,0.00%,26.10%,N/A,50.00%,10.10%,N/A,N/A,N/A,N/A,N/A,N/A,N/A,N/A,N/A,40.80%,5.10%,49.30%,94.70%,70.70%
Llama Nemotron Super 49B v1.5 (Reasoning),NVIDIA,NVIDIA training dataset,81.40%,34.00%,45.20%,37.80%,76.70%,34.80%,N/A,N/A,N/A,N/A,N/A,N/A,N/A,N/A,N/A,74.80%,6.80%,73.70%,98.30%,86.00%
Kimi K2 Thinking,Moonshot AI,Moonshot AI training dataset,84.80%,66.30%,67.00%,52.20%,94.70%,42.40%,N/A,N/A,N/A,N/A,N/A,N/A,N/A,N/A,N/A,83.80%,22.30%,85.30%,N/A,N/A
Kimi K2 0905,Moonshot AI,Moonshot AI training dataset,81.90%,52.30%,50.40%,38.10%,57.30%,30.70%,N/A,N/A,N/A,N/A,N/A,N/A,N/A,N/A,N/A,76.70%,6.30%,61.00%,N/A,N/A
Kimi Linear 48B A3B Instruct,Moonshot AI,Moonshot AI training dataset,58.50%,25.70%,N/A,22.80%,36.30%,19.90%,N/A,N/A,N/A,N/A,N/A,N/A,N/A,N/A,N/A,41.20%,2.70%,37.80%,N/A,N/A
OLMo 2 32B,Allen Institute for AI,Allen Institute for AI training dataset,51.10%,0.00%,14.40%,4.90%,3.30%,8.00%,N/A,N/A,N/A,N/A,N/A,N/A,N/A,N/A,N/A,32.80%,3.70%,6.80%,N/A,N/A
OLMo 2 7B,Allen Institute for AI,Allen Institute for AI training dataset,28.20%,0.00%,9.50%,2.60%,70.00%,3.70%,N/A,N/A,N/A,N/A,N/A,N/A,N/A,N/A,N/A,28.80%,5.50%,4.10%,N/A,N/A
Molmo 7B-D,Allen Institute for AI,Allen Institute for AI training dataset,37.10%,0.00%,9.30%,2.50%,0.00%,3.60%,N/A,N/A,N/A,N/A,N/A,N/A,N/A,N/A,N/A,24.00%,5.10%,3.90%,N/A,N/A
Granite 4.0 H 350M,IBM,IBM training dataset,12.70%,0.00%,8.20%,1.20%,1.30%,1.70%,N/A,N/A,N/A,N/A,N/A,N/A,N/A,N/A,N/A,25.70%,6.40%,1.90%,N/A,N/A
Granite 4.0 350M,IBM,IBM training dataset,12.40%,0.00%,7.70%,1.10%,0.00%,0.90%,N/A,N/A,N/A,N/A,N/A,N/A,N/A,N/A,N/A,26.10%,5.70%,2.40%,N/A,N/A
Granite 4.0 H 1B,IBM,IBM training dataset,27.70%,6.30%,13.70%,6.60%,6.30%,8.20%,N/A,N/A,N/A,N/A,N/A,N/A,N/A,N/A,N/A,26.30%,5.00%,11.50%,N/A,N/A
Granite 4.0 1B,IBM,IBM training dataset,32.50%,4.00%,13.30%,4.50%,6.30%,8.70%,N/A,N/A,N/A,N/A,N/A,N/A,N/A,N/A,N/A,28.10%,5.10%,4.70%,N/A,N/A
Granite 4.0 H Small,IBM,IBM training dataset,62.40%,9.00%,22.70%,16.10%,13.70%,20.90%,N/A,N/A,N/A,N/A,N/A,N/A,N/A,N/A,N/A,41.60%,3.70%,25.10%,N/A,N/A
Granite 4.0 Micro,IBM,IBM training dataset,44.70%,4.00%,16.20%,10.40%,6.00%,11.90%,N/A,N/A,N/A,N/A,N/A,N/A,N/A,N/A,N/A,33.60%,5.10%,18.00%,N/A,N/A
Reka Flash 3,Reka AI,Reka AI training dataset,66.90%,0.00%,25.90%,23.40%,33.70%,26.70%,N/A,N/A,N/A,N/A,N/A,N/A,N/A,N/A,N/A,52.90%,5.10%,43.50%,89.30%,51.00%
DeepHermes 3 - Mistral 24B Preview (Non-reasoning),Nous Research,Nous Research training dataset,58.00%,N/A,15.50%,N/A,N/A,22.80%,N/A,N/A,N/A,N/A,N/A,N/A,N/A,N/A,N/A,38.20%,3.90%,19.50%,59.50%,4.70%
Hermes 4 - Llama-3.1 70B (Reasoning),Nous Research,Nous Research training dataset,81.10%,6.70%,39.20%,34.60%,68.70%,34.10%,N/A,N/A,N/A,N/A,N/A,N/A,N/A,N/A,N/A,69.90%,7.90%,65.30%,N/A,N/A
DeepHermes 3 - Llama-3.1 8B Preview (Non-reasoning),Nous Research,Nous Research training dataset,36.50%,N/A,1.80%,N/A,N/A,9.10%,N/A,N/A,N/A,N/A,N/A,N/A,N/A,N/A,N/A,27.00%,4.30%,8.50%,21.80%,0.00%
Hermes 4 - Llama-3.1 405B (Non-reasoning),Nous Research,Nous Research training dataset,72.90%,20.00%,32.60%,32.80%,15.30%,34.60%,N/A,N/A,N/A,N/A,N/A,N/A,N/A,N/A,N/A,53.60%,4.20%,54.60%,N/A,N/A
Hermes 4 - Llama-3.1 70B (Non-reasoning),Nous Research,Nous Research training dataset,66.40%,2.00%,23.80%,18.20%,11.30%,27.70%,N/A,N/A,N/A,N/A,N/A,N/A,N/A,N/A,N/A,49.10%,3.60%,26.90%,N/A,N/A
Hermes 4 - Llama-3.1 405B (Reasoning),Nous Research,Nous Research training dataset,82.90%,20.70%,41.60%,34.80%,69.70%,25.20%,N/A,N/A,N/A,N/A,N/A,N/A,N/A,N/A,N/A,72.70%,10.30%,68.60%,N/A,N/A
EXAONE 4.0 32B (Non-reasoning),LG AI Research,LG AI Research training dataset,76.80%,8.00%,30.30%,24.60%,39.30%,25.20%,N/A,N/A,N/A,N/A,N/A,N/A,N/A,N/A,N/A,62.80%,4.90%,47.20%,93.90%,47.00%
Exaone 4.0 1.2B (Non-reasoning),LG AI Research,LG AI Research training dataset,50.00%,0.00%,20.50%,12.20%,24.00%,7.40%,N/A,N/A,N/A,N/A,N/A,N/A,N/A,N/A,N/A,42.40%,5.80%,29.30%,N/A,N/A
EXAONE 4.0 32B (Reasoning),LG AI Research,LG AI Research training dataset,81.80%,14.00%,42.60%,37.50%,80.00%,34.40%,N/A,N/A,N/A,N/A,N/A,N/A,N/A,N/A,N/A,73.90%,10.50%,74.70%,97.70%,84.30%
Exaone 4.0 1.2B (Reasoning),LG AI Research,LG AI Research training dataset,58.80%,0.00%,26.70%,20.30%,50.30%,9.30%,N/A,N/A,N/A,N/A,N/A,N/A,N/A,N/A,N/A,51.50%,5.80%,51.60%,N/A,N/A
ERNIE 4.5 300B A47B,Baidu,Baidu training dataset,77.60%,2.30%,32.90%,27.90%,41.30%,31.50%,N/A,N/A,N/A,N/A,N/A,N/A,N/A,N/A,N/A,81.10%,3.50%,46.70%,93.10%,49.30%
Cogito v2.1 (Reasoning),Deep Cogito,Deep Cogito training dataset,84.90%,21.70%,N/A,41.80%,72.70%,41.00%,N/A,N/A,N/A,N/A,N/A,N/A,N/A,N/A,N/A,76.80%,11.00%,68.80%,N/A,N/A
GLM-4.5-Air,Z AI,Z AI training dataset,81.50%,43.70%,48.80%,39.40%,80.70%,30.60%,N/A,N/A,N/A,N/A,N/A,N/A,N/A,N/A,N/A,73.30%,6.80%,68.40%,96.50%,67.30%
GLM-4.6 (Reasoning),Z AI,Z AI training dataset,82.90%,54.30%,56.00%,43.80%,86.00%,38.40%,N/A,N/A,N/A,N/A,N/A,N/A,N/A,N/A,N/A,78.00%,13.30%,69.50%,N/A,N/A
GLM-4.5V (Reasoning),Z AI,Z AI training dataset,78.80%,0.00%,37.00%,29.20%,73.00%,22.10%,N/A,N/A,N/A,N/A,N/A,N/A,N/A,N/A,N/A,68.40%,5.90%,60.40%,N/A,N/A
GLM-4.6 (Non-reasoning),Z AI,Z AI training dataset,78.40%,26.30%,44.70%,38.70%,44.30%,33.10%,N/A,N/A,N/A,N/A,N/A,N/A,N/A,N/A,N/A,63.20%,5.20%,56.10%,N/A,N/A
GLM-4.5V (Non-reasoning),Z AI,Z AI training dataset,75.10%,0.00%,26.00%,20.10%,15.30%,18.80%,N/A,N/A,N/A,N/A,N/A,N/A,N/A,N/A,N/A,57.30%,3.60%,35.20%,N/A,N/A
Aya Expanse 32B,Cohere,Cohere training dataset,37.70%,10.70%,13.60%,9.80%,2.30%,14.90%,N/A,N/A,N/A,N/A,N/A,N/A,N/A,N/A,N/A,23.00%,4.50%,13.70%,44.90%,0.00%
Aya Expanse 8B,Cohere,Cohere training dataset,31.20%,0.00%,10.00%,4.90%,0.00%,7.80%,N/A,N/A,N/A,N/A,N/A,N/A,N/A,N/A,N/A,24.70%,5.10%,7.00%,32.10%,0.00%
Command A,Cohere,Cohere training dataset,71.20%,18.00%,26.90%,19.20%,13.00%,28.10%,N/A,N/A,N/A,N/A,N/A,N/A,N/A,N/A,N/A,52.70%,4.60%,28.70%,81.90%,9.70%
Apriel-v1.5-15B-Thinker,ServiceNow,ServiceNow training dataset,77.30%,20.00%,51.60%,39.20%,87.50%,34.80%,N/A,N/A,N/A,N/A,N/A,N/A,N/A,N/A,N/A,71.30%,12.00%,72.80%,N/A,N/A
Jamba 1.7 Large,AI21 Labs,AI21 Labs training dataset,57.70%,17.30%,20.80%,13.00%,2.30%,18.80%,N/A,N/A,N/A,N/A,N/A,N/A,N/A,N/A,N/A,39.00%,3.80%,18.10%,60.00%,5.70%
Jamba Reasoning 3B,AI21 Labs,AI21 Labs training dataset,57.70%,7.00%,20.90%,9.20%,10.70%,5.90%,N/A,N/A,N/A,N/A,N/A,N/A,N/A,N/A,N/A,33.30%,4.60%,21.00%,N/A,N/A
Jamba 1.7 Mini,AI21 Labs,AI21 Labs training dataset,38.80%,12.70%,14.80%,5.10%,30.00%,9.30%,N/A,N/A,N/A,N/A,N/A,N/A,N/A,N/A,N/A,32.20%,4.50%,6.10%,25.80%,1.30%
Qwen3 Coder 480B A35B Instruct,Alibaba,Alibaba training dataset,78.80%,42.30%,42.30%,37.40%,39.30%,35.90%,N/A,N/A,N/A,N/A,N/A,N/A,N/A,N/A,N/A,61.80%,4.40%,58.50%,94.20%,47.70%
Qwen3 4B 2507 Instruct,Alibaba,Alibaba training dataset,67.20%,7.30%,30.40%,20.00%,52.30%,18.10%,N/A,N/A,N/A,N/A,N/A,N/A,N/A,N/A,N/A,51.70%,4.70%,37.70%,N/A,N/A
Qwen3 4B 2507 (Reasoning),Alibaba,Alibaba training dataset,74.30%,37.70%,43.40%,30.40%,82.70%,25.60%,N/A,N/A,N/A,N/A,N/A,N/A,N/A,N/A,N/A,66.70%,5.90%,64.10%,N/A,N/A
Qwen3 235B A22B 2507 Instruct,Alibaba,Alibaba training dataset,82.80%,31.20%,45.30%,34.20%,71.70%,36.00%,N/A,N/A,N/A,N/A,N/A,N/A,N/A,N/A,N/A,75.30%,10.60%,52.40%,98.00%,71.70%
Qwen3 Coder 30B A3B Instruct,Alibaba,Alibaba training dataset,70.60%,29.00%,33.40%,27.40%,29.00%,27.80%,N/A,N/A,N/A,N/A,N/A,N/A,N/A,N/A,N/A,51.60%,4.00%,40.30%,89.30%,29.70%
Qwen3 VL 32B (Reasoning),Alibaba,Alibaba training dataset,81.80%,55.30%,51.90%,36.40%,84.70%,28.50%,N/A,N/A,N/A,N/A,N/A,N/A,N/A,N/A,N/A,73.30%,9.60%,73.80%,N/A,N/A
Qwen3 VL 32B Instruct,Alibaba,Alibaba training dataset,79.10%,31.30%,41.00%,29.80%,68.30%,30.10%,N/A,N/A,N/A,N/A,N/A,N/A,N/A,N/A,N/A,67.10%,6.30%,51.40%,N/A,N/A
Qwen3 235B A22B 2507 (Reasoning),Alibaba,Alibaba training dataset,84.30%,67.00%,57.50%,44.60%,91.00%,42.40%,N/A,N/A,N/A,N/A,N/A,N/A,N/A,N/A,N/A,79.00%,15.00%,78.80%,98.40%,94.00%
Qwen3 Next 80B A3B Instruct,Alibaba,Alibaba training dataset,81.90%,51.30%,44.80%,35.40%,66.30%,30.70%,N/A,N/A,N/A,N/A,N/A,N/A,N/A,N/A,N/A,73.80%,7.30%,68.40%,N/A,N/A
Qwen3 Next 80B A3B (Reasoning),Alibaba,Alibaba training dataset,82.40%,60.30%,54.30%,42.10%,84.30%,38.80%,N/A,N/A,N/A,N/A,N/A,N/A,N/A,N/A,N/A,75.90%,11.70%,78.40%,N/A,N/A
Qwen3 30B A3B 2507 (Reasoning),Alibaba,Alibaba training dataset,80.50%,59.00%,46.40%,36.30%,56.30%,33.30%,N/A,N/A,N/A,N/A,N/A,N/A,N/A,N/A,N/A,70.70%,9.80%,70.70%,97.60%,90.70%
Qwen3 30B A3B 2507 Instruct,Alibaba,Alibaba training dataset,77.70%,22.70%,37.00%,29.20%,66.30%,30.40%,N/A,N/A,N/A,N/A,N/A,N/A,N/A,N/A,N/A,65.90%,6.80%,51.50%,97.50%,72.70%
Qwen3 Omni 30B A3B (Reasoning),Alibaba,Alibaba training dataset,79.20%,0.00%,40.00%,34.00%,74.00%,30.60%,N/A,N/A,N/A,N/A,N/A,N/A,N/A,N/A,N/A,72.60%,7.30%,67.90%,N/A,N/A
Qwen3 VL 235B A22B Instruct,Alibaba,Alibaba training dataset,82.30%,31.70%,44.10%,33.90%,70.70%,35.90%,N/A,N/A,N/A,N/A,N/A,N/A,N/A,N/A,N/A,71.20%,6.30%,59.40%,N/A,N/A
Qwen3 Omni 30B A3B Instruct,Alibaba,Alibaba training dataset,72.50%,0.00%,30.20%,20.80%,52.30%,18.60%,N/A,N/A,N/A,N/A,N/A,N/A,N/A,N/A,N/A,62.00%,5.10%,42.20%,N/A,N/A
Llama 65B,Meta,Meta training dataset,N/A,N/A,100.00%,N/A,N/A,N/A,N/A,N/A,N/A,N/A,N/A,N/A,N/A,N/A,N/A,N/A,N/A,N/A,N/A,N/A
Qwen3 VL 30B A3B Instruct,Alibaba,Alibaba training dataset,76.40%,23.70%,38.50%,28.00%,72.30%,30.80%,N/A,N/A,N/A,N/A,N/A,N/A,N/A,N/A,N/A,69.50%,6.40%,47.60%,N/A,N/A
Qwen3 VL 30B A3B (Reasoning),Alibaba,Alibaba training dataset,80.70%,40.70%,45.30%,34.50%,82.30%,28.80%,N/A,N/A,N/A,N/A,N/A,N/A,N/A,N/A,N/A,72.00%,8.70%,69.70%,N/A,N/A
Qwen3 Max,Alibaba,Alibaba training dataset,84.10%,46.70%,55.10%,44.70%,80.70%,38.30%,N/A,N/A,N/A,N/A,N/A,N/A,N/A,N/A,N/A,76.40%,11.10%,76.70%,N/A,N/A
Qwen3 VL 235B A22B (Reasoning),Alibaba,Alibaba training dataset,83.60%,58.70%,54.40%,38.40%,88.30%,39.90%,N/A,N/A,N/A,N/A,N/A,N/A,N/A,N/A,N/A,77.20%,10.10%,64.60%,N/A,N/A
Qwen3 Max Thinking,Alibaba,Alibaba training dataset,82.40%,57.70%,55.80%,36.20%,82.30%,38.70%,N/A,N/A,N/A,N/A,N/A,N/A,N/A,N/A,N/A,77.60%,12.00%,53.50%,N/A,N/A
Qwen3 VL 4B Instruct,Alibaba,Alibaba training dataset,63.40%,13.00%,25.20%,14.20%,37.00%,13.70%,N/A,N/A,N/A,N/A,N/A,N/A,N/A,N/A,N/A,37.10%,3.70%,29.00%,N/A,N/A
Qwen3 VL 8B Instruct,Alibaba,Alibaba training dataset,68.60%,15.30%,27.10%,17.60%,27.30%,17.40%,N/A,N/A,N/A,N/A,N/A,N/A,N/A,N/A,N/A,42.70%,2.90%,33.20%,N/A,N/A
Qwen3 VL 8B (Reasoning),Alibaba,Alibaba training dataset,74.90%,31.00%,32.10%,20.30%,30.70%,21.90%,N/A,N/A,N/A,N/A,N/A,N/A,N/A,N/A,N/A,57.90%,3.30%,35.30%,N/A,N/A
Qwen3 VL 4B (Reasoning),Alibaba,Alibaba training dataset,70.00%,21.30%,27.30%,16.80%,25.70%,17.10%,N/A,N/A,N/A,N/A,N/A,N/A,N/A,N/A,N/A,49.40%,4.40%,32.00%,N/A,N/A
Ring-flash-2.0,InclusionAI,InclusionAI training dataset,79.30%,21.00%,39.50%,28.90%,83.70%,16.80%,N/A,N/A,N/A,N/A,N/A,N/A,N/A,N/A,N/A,72.50%,8.90%,62.80%,N/A,N/A
Ring-1T,InclusionAI,InclusionAI training dataset,80.60%,0.00%,41.80%,35.80%,89.30%,36.70%,N/A,N/A,N/A,N/A,N/A,N/A,N/A,N/A,N/A,59.50%,10.20%,64.30%,N/A,N/A
Ling-mini-2.0,InclusionAI,InclusionAI training dataset,67.10%,6.70%,27.80%,19.00%,49.30%,13.50%,N/A,N/A,N/A,N/A,N/A,N/A,N/A,N/A,N/A,56.20%,5.00%,42.90%,N/A,N/A
Ling-flash-2.0,InclusionAI,InclusionAI training dataset,77.70%,15.00%,38.30%,32.60%,65.30%,28.90%,N/A,N/A,N/A,N/A,N/A,N/A,N/A,N/A,N/A,65.70%,6.30%,58.90%,N/A,N/A
Ling-1T,InclusionAI,InclusionAI training dataset,82.20%,34.70%,44.80%,37.60%,71.30%,35.20%,N/A,N/A,N/A,N/A,N/A,N/A,N/A,N/A,N/A,71.90%,7.20%,67.70%,N/A,N/A
Seed-OSS-36B-Instruct,ByteDance Seed,ByteDance Seed training dataset,81.50%,57.70%,51.60%,39.80%,84.70%,36.50%,N/A,N/A,N/A,N/A,N/A,N/A,N/A,N/A,N/A,72.60%,9.10%,76.50%,N/A,N/A
Doubao Seed Code,ByteDance Seed,ByteDance Seed training dataset,85.40%,65.30%,57.10%,47.40%,79.30%,40.70%,N/A,N/A,N/A,N/A,N/A,N/A,N/A,N/A,N/A,76.40%,13.30%,76.60%,N/A,N/A
o1,OpenAI,OpenAI training dataset,84.10%,N/A,47.20%,38.60%,N/A,35.80%,N/A,N/A,N/A,N/A,N/A,N/A,N/A,N/A,N/A,74.70%,7.70%,67.90%,97.00%,72.30%
o1-preview,OpenAI,OpenAI training dataset,N/A,N/A,44.90%,34.00%,N/A,N/A,N/A,N/A,N/A,N/A,N/A,N/A,N/A,N/A,N/A,N/A,N/A,N/A,92.40%,N/A
o1-mini,OpenAI,OpenAI training dataset,74.20%,N/A,39.20%,N/A,N/A,32.30%,N/A,N/A,N/A,N/A,N/A,N/A,N/A,N/A,N/A,60.30%,4.90%,57.60%,94.40%,60.30%
GPT-4o (Aug '24),OpenAI,OpenAI training dataset,N/A,N/A,29.00%,N/A,N/A,N/A,N/A,N/A,N/A,N/A,N/A,N/A,N/A,N/A,N/A,52.10%,2.90%,31.70%,79.50%,11.70%
Qwen Chat 14B,Alibaba,Alibaba training dataset,N/A,N/A,100.00%,N/A,N/A,N/A,N/A,N/A,N/A,N/A,N/A,N/A,N/A,N/A,N/A,N/A,N/A,N/A,N/A,N/A
GPT-4o (May '24),OpenAI,OpenAI training dataset,74.00%,N/A,26.30%,24.20%,N/A,30.90%,N/A,N/A,N/A,N/A,N/A,N/A,N/A,N/A,N/A,52.60%,2.80%,33.40%,79.10%,11.00%
GPT-4 Turbo,OpenAI,OpenAI training dataset,69.40%,N/A,24.20%,21.50%,N/A,31.90%,N/A,N/A,N/A,N/A,N/A,N/A,N/A,N/A,N/A,N/A,3.30%,29.10%,73.70%,15.00%
GPT-4o (Nov '24),OpenAI,OpenAI training dataset,74.80%,0.00%,27.00%,24.00%,6.00%,33.30%,N/A,N/A,N/A,N/A,N/A,N/A,N/A,N/A,N/A,54.30%,3.30%,30.90%,75.90%,15.00%
GPT-4o mini,OpenAI,OpenAI training dataset,64.80%,N/A,21.20%,N/A,14.70%,22.90%,N/A,N/A,N/A,N/A,N/A,N/A,N/A,N/A,N/A,42.60%,4.00%,23.40%,78.90%,11.70%
GPT-3.5 Turbo,OpenAI,OpenAI training dataset,46.20%,N/A,8.30%,10.70%,N/A,N/A,N/A,N/A,N/A,N/A,N/A,N/A,N/A,N/A,N/A,29.70%,N/A,N/A,44.10%,N/A
GPT-3.5 Turbo (0613),OpenAI,OpenAI training dataset,N/A,N/A,N/A,N/A,N/A,N/A,N/A,N/A,N/A,N/A,N/A,N/A,N/A,N/A,N/A,N/A,N/A,N/A,N/A,N/A
GPT-4.1,OpenAI,OpenAI training dataset,80.60%,61.00%,43.40%,32.20%,34.70%,38.10%,N/A,N/A,N/A,N/A,N/A,N/A,N/A,N/A,N/A,66.60%,4.60%,45.70%,91.30%,43.70%
o3-mini (high),OpenAI,OpenAI training dataset,80.20%,N/A,50.80%,42.10%,N/A,39.80%,N/A,N/A,N/A,N/A,N/A,N/A,N/A,N/A,N/A,77.30%,12.30%,73.40%,98.50%,86.00%
GPT-4.1 nano,OpenAI,OpenAI training dataset,65.70%,17.00%,27.30%,20.70%,24.00%,25.90%,N/A,N/A,N/A,N/A,N/A,N/A,N/A,N/A,N/A,51.20%,3.90%,32.60%,84.80%,23.70%
GPT-4.1 mini,OpenAI,OpenAI training dataset,78.10%,42.30%,42.50%,31.90%,46.30%,40.40%,N/A,N/A,N/A,N/A,N/A,N/A,N/A,N/A,N/A,66.40%,4.60%,48.30%,92.50%,43.00%
GPT-4o mini Realtime (Dec '24),OpenAI,OpenAI training dataset,N/A,N/A,N/A,N/A,N/A,N/A,N/A,N/A,N/A,N/A,N/A,N/A,N/A,N/A,N/A,N/A,N/A,N/A,N/A,N/A
o4-mini (high),OpenAI,OpenAI training dataset,83.20%,55.00%,59.60%,48.90%,90.70%,46.50%,N/A,N/A,N/A,N/A,N/A,N/A,N/A,N/A,N/A,78.40%,17.50%,85.90%,98.90%,94.00%
GPT-4o Realtime (Dec '24),OpenAI,OpenAI training dataset,N/A,N/A,N/A,N/A,N/A,N/A,N/A,N/A,N/A,N/A,N/A,N/A,N/A,N/A,N/A,N/A,N/A,N/A,N/A,N/A
GPT-4.5 (Preview),OpenAI,OpenAI training dataset,N/A,N/A,38.40%,N/A,N/A,N/A,N/A,N/A,N/A,N/A,N/A,N/A,N/A,N/A,N/A,N/A,N/A,N/A,N/A,N/A
GPT-4o (ChatGPT),OpenAI,OpenAI training dataset,77.30%,53.00%,25.30%,N/A,N/A,33.40%,N/A,N/A,N/A,N/A,N/A,N/A,N/A,N/A,N/A,51.10%,3.70%,N/A,79.70%,10.30%
"GPT-4o (March 2025, chatgpt-4o-latest)",OpenAI,OpenAI training dataset,80.30%,N/A,35.60%,N/A,25.70%,36.60%,N/A,N/A,N/A,N/A,N/A,N/A,N/A,N/A,N/A,65.50%,5.00%,42.50%,89.30%,32.70%
o1-pro,OpenAI,OpenAI training dataset,N/A,N/A,48.00%,N/A,N/A,N/A,N/A,N/A,N/A,N/A,N/A,N/A,N/A,N/A,N/A,N/A,N/A,N/A,N/A,N/A
o3-mini,OpenAI,OpenAI training dataset,79.10%,N/A,48.10%,39.40%,N/A,39.90%,N/A,N/A,N/A,N/A,N/A,N/A,N/A,N/A,N/A,74.80%,8.70%,71.70%,97.30%,77.00%
GPT-4,OpenAI,OpenAI training dataset,N/A,N/A,21.50%,13.10%,N/A,N/A,N/A,N/A,N/A,N/A,N/A,N/A,N/A,N/A,N/A,N/A,N/A,N/A,N/A,N/A
o3-pro,OpenAI,OpenAI training dataset,N/A,N/A,65.30%,N/A,N/A,N/A,N/A,N/A,N/A,N/A,N/A,N/A,N/A,N/A,N/A,84.50%,N/A,N/A,N/A,N/A
Llama 3.1 Instruct 70B,Meta,Meta training dataset,67.60%,6.30%,22.60%,17.60%,4.00%,26.70%,N/A,N/A,N/A,N/A,N/A,N/A,N/A,N/A,N/A,40.90%,4.60%,23.20%,64.90%,17.30%
Llama 3.1 Instruct 8B,Meta,Meta training dataset,47.60%,15.70%,16.90%,8.50%,4.30%,13.20%,N/A,N/A,N/A,N/A,N/A,N/A,N/A,N/A,N/A,25.90%,5.10%,11.60%,51.90%,7.70%
Llama 3.2 Instruct 3B,Meta,Meta training dataset,34.70%,2.00%,11.20%,N/A,3.30%,5.20%,N/A,N/A,N/A,N/A,N/A,N/A,N/A,N/A,N/A,25.50%,5.20%,8.30%,48.90%,6.70%
Llama 3 Instruct 70B,Meta,Meta training dataset,57.40%,N/A,13.00%,N/A,N/A,18.90%,N/A,N/A,N/A,N/A,N/A,N/A,N/A,N/A,N/A,37.90%,4.40%,19.80%,48.30%,0.00%
Llama 3 Instruct 8B,Meta,Meta training dataset,40.50%,N/A,7.00%,N/A,N/A,11.90%,N/A,N/A,N/A,N/A,N/A,N/A,N/A,N/A,N/A,29.60%,5.10%,9.60%,49.90%,0.00%
Llama 3.2 Instruct 1B,Meta,Meta training dataset,20.00%,5.00%,8.90%,1.20%,0.00%,1.70%,N/A,N/A,N/A,N/A,N/A,N/A,N/A,N/A,N/A,19.60%,5.30%,1.90%,14.00%,0.00%
Llama 2 Chat 70B,Meta,Meta training dataset,40.60%,N/A,5.60%,N/A,N/A,N/A,N/A,N/A,N/A,N/A,N/A,N/A,N/A,N/A,N/A,32.70%,5.00%,9.80%,32.30%,0.00%
Llama 2 Chat 13B,Meta,Meta training dataset,40.60%,N/A,5.50%,N/A,N/A,11.80%,N/A,N/A,N/A,N/A,N/A,N/A,N/A,N/A,N/A,32.10%,4.70%,9.80%,32.90%,1.70%
Llama 2 Chat 7B,Meta,Meta training dataset,16.40%,N/A,11.30%,N/A,N/A,0.00%,N/A,N/A,N/A,N/A,N/A,N/A,N/A,N/A,N/A,22.70%,5.80%,0.20%,5.90%,0.00%
Gemini 2.0 Pro Experimental (Feb '25),Google,Google training dataset,80.50%,N/A,34.60%,25.50%,N/A,31.20%,N/A,N/A,N/A,N/A,N/A,N/A,N/A,N/A,N/A,62.20%,6.80%,34.70%,92.30%,36.00%
Gemini 2.0 Flash (experimental),Google,Google training dataset,78.20%,N/A,31.80%,N/A,N/A,34.00%,N/A,N/A,N/A,N/A,N/A,N/A,N/A,N/A,N/A,63.60%,4.70%,21.00%,91.10%,30.00%
Gemini 1.5 Pro (Sep '24),Google,Google training dataset,75.00%,N/A,30.00%,23.60%,N/A,29.50%,N/A,N/A,N/A,N/A,N/A,N/A,N/A,N/A,N/A,58.90%,4.90%,31.60%,87.60%,23.00%
Gemini 2.0 Flash-Lite (Preview),Google,Google training dataset,N/A,N/A,26.30%,N/A,N/A,24.70%,N/A,N/A,N/A,N/A,N/A,N/A,N/A,N/A,N/A,54.20%,4.40%,17.90%,87.30%,30.30%
Gemini 2.0 Flash (Feb '25),Google,Google training dataset,77.90%,28.30%,33.60%,23.40%,21.70%,33.30%,N/A,N/A,N/A,N/A,N/A,N/A,N/A,N/A,N/A,62.30%,5.30%,33.40%,93.00%,33.00%
Gemini 1.5 Flash (Sep '24),Google,Google training dataset,68.00%,N/A,24.40%,N/A,N/A,26.70%,N/A,N/A,N/A,N/A,N/A,N/A,N/A,N/A,N/A,46.30%,3.50%,27.30%,82.70%,18.00%
Gemma 2 27B,Google,Google training dataset,57.50%,N/A,17.20%,N/A,N/A,12.50%,N/A,N/A,N/A,N/A,N/A,N/A,N/A,N/A,N/A,35.70%,3.70%,27.90%,54.10%,29.70%
Gemma 2 9B,Google,Google training dataset,49.50%,N/A,7.80%,N/A,N/A,0.70%,N/A,N/A,N/A,N/A,N/A,N/A,N/A,N/A,N/A,31.10%,3.90%,12.60%,51.70%,0.00%
Gemini 1.5 Flash-8B,Google,Google training dataset,56.90%,N/A,16.30%,N/A,N/A,22.90%,N/A,N/A,N/A,N/A,N/A,N/A,N/A,N/A,N/A,35.90%,4.50%,21.70%,68.90%,3.30%
Gemini 2.0 Flash Thinking Experimental (Jan '25),Google,Google training dataset,79.80%,N/A,37.70%,24.10%,N/A,32.90%,N/A,N/A,N/A,N/A,N/A,N/A,N/A,N/A,N/A,70.10%,7.10%,32.10%,94.40%,50.00%
Gemini 2.5 Flash-Lite (Reasoning),Google,Google training dataset,75.90%,51.30%,40.10%,27.60%,53.30%,19.30%,N/A,N/A,N/A,N/A,N/A,N/A,N/A,N/A,N/A,62.50%,6.40%,59.30%,96.90%,70.30%
Gemini 1.0 Pro,Google,Google training dataset,43.10%,N/A,6.20%,N/A,N/A,11.70%,N/A,N/A,N/A,N/A,N/A,N/A,N/A,N/A,N/A,27.70%,4.60%,11.60%,40.30%,0.70%
Gemini 1.5 Pro (May '24),Google,Google training dataset,65.70%,N/A,19.20%,19.80%,N/A,27.40%,N/A,N/A,N/A,N/A,N/A,N/A,N/A,N/A,N/A,37.10%,3.90%,24.40%,67.30%,8.00%
Gemini 1.0 Ultra,Google,Google training dataset,N/A,N/A,12.80%,17.60%,N/A,N/A,N/A,N/A,N/A,N/A,N/A,N/A,N/A,N/A,N/A,N/A,N/A,N/A,N/A,N/A
Gemini 2.5 Flash Preview (Non-reasoning),Google,Google training dataset,78.30%,N/A,34.10%,N/A,N/A,23.30%,N/A,N/A,N/A,N/A,N/A,N/A,N/A,N/A,N/A,59.40%,5.00%,40.60%,92.60%,43.30%
Gemini 1.5 Flash (May '24),Google,Google training dataset,57.40%,N/A,14.00%,N/A,N/A,18.10%,N/A,N/A,N/A,N/A,N/A,N/A,N/A,N/A,N/A,32.40%,4.20%,19.60%,55.40%,9.30%
Gemini 2.5 Pro Preview (May' 25),Google,Google training dataset,83.70%,N/A,53.20%,N/A,N/A,41.60%,N/A,N/A,N/A,N/A,N/A,N/A,N/A,N/A,N/A,82.20%,15.40%,77.00%,98.60%,84.30%
Gemini 2.5 Flash (Non-reasoning),Google,Google training dataset,80.90%,45.90%,40.40%,30.00%,60.30%,29.10%,N/A,N/A,N/A,N/A,N/A,N/A,N/A,N/A,N/A,68.30%,5.10%,49.50%,93.20%,50.00%
Gemini 2.5 Flash Preview (Reasoning),Google,Google training dataset,80.00%,N/A,45.80%,N/A,N/A,35.90%,N/A,N/A,N/A,N/A,N/A,N/A,N/A,N/A,N/A,69.80%,11.60%,50.50%,98.10%,84.30%
Gemini 2.0 Flash-Lite (Feb '25),Google,Google training dataset,72.40%,N/A,26.80%,N/A,N/A,25.00%,N/A,N/A,N/A,N/A,N/A,N/A,N/A,N/A,N/A,53.50%,3.60%,18.50%,87.30%,27.70%
Gemini 2.0 Flash Thinking Experimental (Dec '24),Google,Google training dataset,N/A,N/A,20.20%,N/A,N/A,N/A,N/A,N/A,N/A,N/A,N/A,N/A,N/A,N/A,N/A,N/A,N/A,N/A,48.00%,N/A
Gemini 2.5 Flash (Reasoning),Google,Google training dataset,83.20%,61.70%,51.20%,40.50%,73.30%,39.40%,N/A,N/A,N/A,N/A,N/A,N/A,N/A,N/A,N/A,79.00%,11.10%,69.50%,98.10%,82.30%
Gemini 2.5 Flash-Lite (Non-reasoning),Google,Google training dataset,72.40%,31.30%,30.10%,19.90%,35.30%,17.70%,N/A,N/A,N/A,N/A,N/A,N/A,N/A,N/A,N/A,47.40%,3.70%,40.00%,92.60%,50.00%
Gemma 3n E4B Instruct Preview (May '25),Google,Google training dataset,48.30%,N/A,12.50%,N/A,N/A,8.60%,N/A,N/A,N/A,N/A,N/A,N/A,N/A,N/A,N/A,27.80%,4.90%,13.80%,74.90%,10.70%
Gemini 2.5 Pro Preview (Mar' 25),Google,Google training dataset,85.80%,N/A,54.10%,46.70%,N/A,39.50%,N/A,N/A,N/A,N/A,N/A,N/A,N/A,N/A,N/A,83.60%,17.10%,77.80%,98.00%,87.00%
PALM-2,Google,Google training dataset,N/A,N/A,6.60%,4.60%,N/A,N/A,N/A,N/A,N/A,N/A,N/A,N/A,N/A,N/A,N/A,N/A,N/A,N/A,N/A,N/A
Claude 3.5 Sonnet (Oct '24),Anthropic,Anthropic training dataset,77.20%,N/A,29.90%,30.20%,N/A,36.60%,N/A,N/A,N/A,N/A,N/A,N/A,N/A,N/A,N/A,59.90%,3.90%,38.10%,77.10%,15.70%
Claude 3.5 Sonnet (June '24),Anthropic,Anthropic training dataset,75.10%,N/A,25.40%,26.00%,N/A,31.60%,N/A,N/A,N/A,N/A,N/A,N/A,N/A,N/A,N/A,56.00%,3.70%,N/A,69.50%,9.70%
Claude 3 Opus,Anthropic,Anthropic training dataset,69.60%,N/A,20.60%,19.50%,N/A,23.30%,N/A,N/A,N/A,N/A,N/A,N/A,N/A,N/A,N/A,48.90%,3.10%,27.90%,64.10%,3.30%
Claude 3.5 Haiku,Anthropic,Anthropic training dataset,63.40%,N/A,20.20%,N/A,N/A,27.40%,N/A,N/A,N/A,N/A,N/A,N/A,N/A,N/A,N/A,40.80%,3.50%,31.40%,72.10%,3.30%
Claude 3 Sonnet,Anthropic,Anthropic training dataset,57.90%,N/A,13.30%,N/A,N/A,22.90%,N/A,N/A,N/A,N/A,N/A,N/A,N/A,N/A,N/A,40.00%,3.80%,17.50%,41.40%,4.70%
Claude 3 Haiku,Anthropic,Anthropic training dataset,N/A,N/A,9.60%,N/A,N/A,18.60%,N/A,N/A,N/A,N/A,N/A,N/A,N/A,N/A,N/A,N/A,N/A,15.40%,39.40%,1.00%
Claude Instant,Anthropic,Anthropic training dataset,43.40%,N/A,100.00%,7.80%,N/A,N/A,N/A,N/A,N/A,N/A,N/A,N/A,N/A,N/A,N/A,33.00%,3.80%,10.90%,26.40%,0.00%
Claude 4 Opus (Non-reasoning),Anthropic,Anthropic training dataset,86.00%,36.00%,42.30%,N/A,36.30%,40.90%,N/A,N/A,N/A,N/A,N/A,N/A,N/A,N/A,N/A,70.10%,5.90%,54.20%,94.10%,56.30%
Claude 4 Sonnet (Reasoning),Anthropic,Anthropic training dataset,84.20%,64.70%,56.50%,45.10%,74.30%,40.00%,N/A,N/A,N/A,N/A,N/A,N/A,N/A,N/A,N/A,77.70%,9.60%,65.50%,99.10%,77.30%
Claude 3.7 Sonnet (Non-reasoning),Anthropic,Anthropic training dataset,80.30%,48.30%,41.10%,32.30%,21.00%,37.60%,N/A,N/A,N/A,N/A,N/A,N/A,N/A,N/A,N/A,65.60%,4.80%,39.40%,85.00%,22.30%
Claude 2.1,Anthropic,Anthropic training dataset,49.50%,N/A,9.70%,14.00%,N/A,18.40%,N/A,N/A,N/A,N/A,N/A,N/A,N/A,N/A,N/A,31.90%,4.20%,19.50%,37.40%,3.30%
Claude 3.7 Sonnet (Reasoning),Anthropic,Anthropic training dataset,83.70%,60.70%,49.90%,35.80%,56.30%,40.30%,N/A,N/A,N/A,N/A,N/A,N/A,N/A,N/A,N/A,77.20%,10.30%,47.30%,94.70%,48.70%
Claude 4 Opus (Reasoning),Anthropic,Anthropic training dataset,87.30%,33.70%,54.20%,44.20%,73.30%,39.80%,N/A,N/A,N/A,N/A,N/A,N/A,N/A,N/A,N/A,79.60%,11.70%,63.60%,98.20%,75.70%
Claude 4 Sonnet (Non-reasoning),Anthropic,Anthropic training dataset,83.70%,44.30%,44.40%,35.90%,38.00%,37.30%,N/A,N/A,N/A,N/A,N/A,N/A,N/A,N/A,N/A,68.30%,4.00%,44.90%,93.40%,40.70%
Claude 2.0,Anthropic,Anthropic training dataset,48.60%,N/A,8.60%,12.90%,N/A,19.40%,N/A,N/A,N/A,N/A,N/A,N/A,N/A,N/A,N/A,34.40%,N/A,17.10%,N/A,0.00%
Mistral Large 2 (Nov '24),Mistral,Mistral training dataset,69.70%,5.30%,26.80%,21.40%,14.00%,29.20%,N/A,N/A,N/A,N/A,N/A,N/A,N/A,N/A,N/A,48.60%,4.00%,29.30%,73.60%,11.00%
Mistral Large 2 (Jul '24),Mistral,Mistral training dataset,68.30%,1.70%,22.30%,N/A,0.00%,27.10%,N/A,N/A,N/A,N/A,N/A,N/A,N/A,N/A,N/A,47.20%,3.20%,26.70%,71.40%,9.30%
Pixtral Large,Mistral,Mistral training dataset,70.10%,10.30%,25.00%,N/A,2.30%,29.20%,N/A,N/A,N/A,N/A,N/A,N/A,N/A,N/A,N/A,50.50%,3.60%,26.10%,71.40%,7.00%
Mistral Small 3,Mistral,Mistral training dataset,65.20%,0.00%,21.20%,N/A,4.30%,23.60%,N/A,N/A,N/A,N/A,N/A,N/A,N/A,N/A,N/A,46.20%,4.10%,25.20%,71.50%,8.00%
Mistral Small (Sep '24),Mistral,Mistral training dataset,52.90%,N/A,13.00%,N/A,N/A,15.60%,N/A,N/A,N/A,N/A,N/A,N/A,N/A,N/A,N/A,38.10%,4.30%,14.10%,56.30%,6.30%
Mixtral 8x22B Instruct,Mistral,Mistral training dataset,53.70%,N/A,11.70%,N/A,N/A,18.80%,N/A,N/A,N/A,N/A,N/A,N/A,N/A,N/A,N/A,33.20%,4.10%,14.80%,54.50%,0.00%
Mistral Small (Feb '24),Mistral,Mistral training dataset,41.90%,N/A,8.50%,N/A,N/A,13.40%,N/A,N/A,N/A,N/A,N/A,N/A,N/A,N/A,N/A,30.20%,4.40%,11.10%,56.20%,0.70%
Mistral Large (Feb '24),Mistral,Mistral training dataset,51.50%,N/A,11.90%,N/A,N/A,20.80%,N/A,N/A,N/A,N/A,N/A,N/A,N/A,N/A,N/A,35.10%,3.40%,17.80%,52.70%,0.00%
Pixtral 12B (2409),Mistral,Mistral training dataset,47.30%,N/A,8.90%,N/A,N/A,13.50%,N/A,N/A,N/A,N/A,N/A,N/A,N/A,N/A,N/A,34.30%,5.30%,11.50%,45.80%,0.00%
Mistral NeMo,Mistral,Mistral training dataset,39.90%,N/A,5.20%,N/A,N/A,10.40%,N/A,N/A,N/A,N/A,N/A,N/A,N/A,N/A,N/A,31.40%,4.40%,5.70%,39.50%,0.30%
Mixtral 8x7B Instruct,Mistral,Mistral training dataset,38.70%,N/A,2.60%,N/A,N/A,2.80%,N/A,N/A,N/A,N/A,N/A,N/A,N/A,N/A,N/A,29.20%,4.50%,6.60%,29.90%,0.00%
Codestral-Mamba,Mistral,Mistral training dataset,20.90%,N/A,100.00%,N/A,N/A,10.80%,N/A,N/A,N/A,N/A,N/A,N/A,N/A,N/A,N/A,21.00%,5.40%,13.30%,24.00%,0.00%
Mistral 7B Instruct,Mistral,Mistral training dataset,24.50%,N/A,100.00%,N/A,N/A,2.40%,N/A,N/A,N/A,N/A,N/A,N/A,N/A,N/A,N/A,17.70%,4.30%,4.60%,12.10%,0.00%
Devstral Small (May '25),Mistral,Mistral training dataset,63.20%,N/A,19.60%,N/A,N/A,24.50%,N/A,N/A,N/A,N/A,N/A,N/A,N/A,N/A,N/A,43.40%,4.00%,25.80%,68.40%,6.70%
Mistral Small 3.1,Mistral,Mistral training dataset,65.90%,13.70%,23.10%,N/A,3.70%,26.50%,N/A,N/A,N/A,N/A,N/A,N/A,N/A,N/A,N/A,45.40%,4.80%,21.20%,70.70%,9.30%
Codestral (May '24),Mistral,Mistral training dataset,33.10%,N/A,6.00%,N/A,N/A,21.80%,N/A,N/A,N/A,N/A,N/A,N/A,N/A,N/A,N/A,25.50%,5.10%,21.30%,35.40%,0.00%
Mistral Saba,Mistral,Mistral training dataset,61.10%,N/A,19.60%,N/A,N/A,24.10%,N/A,N/A,N/A,N/A,N/A,N/A,N/A,N/A,N/A,42.40%,4.10%,N/A,67.70%,13.00%
Mistral Medium,Mistral,Mistral training dataset,49.10%,N/A,8.40%,N/A,N/A,11.80%,N/A,N/A,N/A,N/A,N/A,N/A,N/A,N/A,N/A,34.90%,3.40%,9.90%,40.50%,3.70%
Magistral Small 1,Mistral,Mistral training dataset,74.60%,0.00%,31.90%,26.60%,41.30%,24.10%,N/A,N/A,N/A,N/A,N/A,N/A,N/A,N/A,N/A,64.10%,7.20%,51.40%,96.30%,71.30%
Magistral Medium 1,Mistral,Mistral training dataset,75.30%,0.00%,33.20%,30.30%,40.30%,29.70%,N/A,N/A,N/A,N/A,N/A,N/A,N/A,N/A,N/A,67.90%,9.50%,52.70%,91.70%,70.00%
Mistral Medium 3,Mistral,Mistral training dataset,76.00%,28.00%,33.60%,25.60%,30.30%,33.10%,N/A,N/A,N/A,N/A,N/A,N/A,N/A,N/A,N/A,57.80%,4.30%,40.00%,90.70%,44.00%
DeepSeek R1 Distill Qwen 32B,DeepSeek,DeepSeek training dataset,73.90%,9.70%,32.70%,N/A,63.00%,37.60%,N/A,N/A,N/A,N/A,N/A,N/A,N/A,N/A,N/A,61.50%,5.50%,27.00%,94.10%,68.70%
DeepSeek V3 (Dec '24),DeepSeek,DeepSeek training dataset,75.20%,29.00%,32.50%,25.90%,26.00%,35.40%,N/A,N/A,N/A,N/A,N/A,N/A,N/A,N/A,N/A,55.70%,3.60%,35.90%,88.70%,25.30%
DeepSeek R1 Distill Qwen 14B,DeepSeek,DeepSeek training dataset,74.00%,7.00%,29.70%,N/A,55.70%,23.90%,N/A,N/A,N/A,N/A,N/A,N/A,N/A,N/A,N/A,48.40%,4.40%,37.60%,94.90%,66.70%
DeepSeek-V2.5 (Dec '24),DeepSeek,DeepSeek training dataset,N/A,N/A,20.70%,N/A,N/A,N/A,N/A,N/A,N/A,N/A,N/A,N/A,N/A,N/A,N/A,N/A,N/A,N/A,76.30%,N/A
DeepSeek-Coder-V2,DeepSeek,DeepSeek training dataset,N/A,N/A,14.50%,N/A,N/A,N/A,N/A,N/A,N/A,N/A,N/A,N/A,N/A,N/A,N/A,N/A,N/A,N/A,74.30%,N/A
DeepSeek R1 Distill Llama 8B,DeepSeek,DeepSeek training dataset,54.30%,0.00%,19.50%,N/A,41.30%,11.90%,N/A,N/A,N/A,N/A,N/A,N/A,N/A,N/A,N/A,30.20%,4.20%,23.30%,85.30%,33.30%
DeepSeek LLM 67B Chat (V1),DeepSeek,DeepSeek training dataset,N/A,N/A,5.60%,N/A,N/A,N/A,N/A,N/A,N/A,N/A,N/A,N/A,N/A,N/A,N/A,N/A,N/A,N/A,N/A,N/A
DeepSeek R1 Distill Qwen 1.5B,DeepSeek,DeepSeek training dataset,26.90%,0.30%,8.60%,N/A,22.00%,6.60%,N/A,N/A,N/A,N/A,N/A,N/A,N/A,N/A,N/A,9.80%,3.30%,7.00%,68.70%,17.70%
DeepSeek V3.1 (Non-reasoning),DeepSeek,DeepSeek training dataset,83.30%,45.00%,44.80%,39.00%,49.70%,36.70%,N/A,N/A,N/A,N/A,N/A,N/A,N/A,N/A,N/A,73.50%,6.30%,57.70%,N/A,N/A
DeepSeek R1 (Jan '25),DeepSeek,DeepSeek training dataset,84.40%,52.30%,43.80%,34.40%,68.00%,35.70%,N/A,N/A,N/A,N/A,N/A,N/A,N/A,N/A,N/A,70.80%,9.30%,61.70%,96.60%,68.30%
DeepSeek V3.1 (Reasoning),DeepSeek,DeepSeek training dataset,85.10%,53.30%,54.00%,47.20%,89.70%,39.10%,N/A,N/A,N/A,N/A,N/A,N/A,N/A,N/A,N/A,77.90%,13.00%,78.40%,N/A,N/A
DeepSeek V3 0324,DeepSeek,DeepSeek training dataset,81.90%,41.00%,41.30%,30.20%,41.00%,35.80%,N/A,N/A,N/A,N/A,N/A,N/A,N/A,N/A,N/A,65.50%,5.20%,40.50%,94.20%,52.00%
DeepSeek Coder V2 Lite Instruct,DeepSeek,DeepSeek training dataset,42.90%,N/A,6.10%,N/A,N/A,13.90%,N/A,N/A,N/A,N/A,N/A,N/A,N/A,N/A,N/A,31.90%,5.30%,15.80%,N/A,N/A
DeepSeek-V2.5,DeepSeek,DeepSeek training dataset,N/A,N/A,20.20%,N/A,N/A,N/A,N/A,N/A,N/A,N/A,N/A,N/A,N/A,N/A,N/A,N/A,N/A,N/A,N/A,N/A
DeepSeek-V2-Chat,DeepSeek,DeepSeek training dataset,N/A,N/A,8.60%,N/A,N/A,N/A,N/A,N/A,N/A,N/A,N/A,N/A,N/A,N/A,N/A,N/A,N/A,N/A,N/A,N/A
Sonar Pro,Perplexity,Perplexity training dataset,75.50%,N/A,28.20%,N/A,N/A,22.60%,N/A,N/A,N/A,N/A,N/A,N/A,N/A,N/A,N/A,57.80%,7.90%,27.50%,74.50%,29.00%
Sonar,Perplexity,Perplexity training dataset,68.90%,N/A,28.80%,N/A,N/A,22.90%,N/A,N/A,N/A,N/A,N/A,N/A,N/A,N/A,N/A,47.10%,7.30%,29.50%,81.70%,48.70%
Sonar Reasoning Pro,Perplexity,Perplexity training dataset,N/A,N/A,46.30%,N/A,N/A,N/A,N/A,N/A,N/A,N/A,N/A,N/A,N/A,N/A,N/A,N/A,N/A,N/A,95.70%,79.00%
Sonar Reasoning,Perplexity,Perplexity training dataset,N/A,N/A,34.20%,N/A,N/A,N/A,N/A,N/A,N/A,N/A,N/A,N/A,N/A,N/A,N/A,62.30%,N/A,N/A,92.10%,77.00%
Grok Beta,xAI,xAI training dataset,70.30%,N/A,23.00%,N/A,N/A,29.50%,N/A,N/A,N/A,N/A,N/A,N/A,N/A,N/A,N/A,47.10%,4.70%,24.10%,73.70%,10.30%
Grok 3,xAI,xAI training dataset,79.90%,54.70%,45.30%,30.00%,58.00%,36.80%,N/A,N/A,N/A,N/A,N/A,N/A,N/A,N/A,N/A,69.30%,5.10%,42.50%,87.00%,33.00%
Grok 3 Reasoning Beta,xAI,xAI training dataset,N/A,N/A,41.40%,N/A,N/A,N/A,N/A,N/A,N/A,N/A,N/A,N/A,N/A,N/A,N/A,N/A,N/A,N/A,N/A,N/A
Grok 2 (Dec '24),xAI,xAI training dataset,70.90%,N/A,24.70%,N/A,N/A,28.50%,N/A,N/A,N/A,N/A,N/A,N/A,N/A,N/A,N/A,51.00%,3.80%,26.70%,77.80%,13.30%
OpenChat 3.5 (1210),OpenChat,OpenChat training dataset,31.00%,N/A,5.40%,N/A,N/A,N/A,N/A,N/A,N/A,N/A,N/A,N/A,N/A,N/A,N/A,23.00%,4.80%,11.50%,30.70%,0.00%
Phi-3 Medium Instruct 14B,Microsoft Azure,Microsoft Azure training dataset,54.30%,3.00%,14.40%,8.90%,1.30%,11.80%,N/A,N/A,N/A,N/A,N/A,N/A,N/A,N/A,N/A,32.60%,4.50%,15.00%,46.30%,1.30%
Phi-3 Mini Instruct 3.8B,Microsoft Azure,Microsoft Azure training dataset,43.50%,2.00%,12.70%,6.90%,30.00%,9.00%,N/A,N/A,N/A,N/A,N/A,N/A,N/A,N/A,N/A,31.90%,4.40%,11.60%,45.70%,4.00%
LFM 40B,Liquid AI,Liquid AI training dataset,42.50%,N/A,7.30%,N/A,N/A,7.10%,N/A,N/A,N/A,N/A,N/A,N/A,N/A,N/A,N/A,32.70%,4.90%,9.60%,48.00%,2.30%
Solar Mini,Upstage,Upstage training dataset,N/A,N/A,18.90%,N/A,N/A,N/A,N/A,N/A,N/A,N/A,N/A,N/A,N/A,N/A,N/A,N/A,N/A,N/A,33.10%,N/A
Solar Pro 2 (Preview) (Non-reasoning),Upstage,Upstage training dataset,72.50%,N/A,30.00%,N/A,N/A,27.20%,N/A,N/A,N/A,N/A,N/A,N/A,N/A,N/A,N/A,54.40%,3.80%,38.50%,87.10%,29.70%
Solar Pro 2 (Preview) (Reasoning),Upstage,Upstage training dataset,76.80%,N/A,36.10%,N/A,N/A,16.40%,N/A,N/A,N/A,N/A,N/A,N/A,N/A,N/A,N/A,57.80%,5.70%,46.20%,90.00%,66.30%
DBRX Instruct,Databricks,Databricks training dataset,39.70%,N/A,5.30%,N/A,N/A,11.80%,N/A,N/A,N/A,N/A,N/A,N/A,N/A,N/A,N/A,33.10%,6.60%,9.30%,27.90%,3.00%
MiniMax M1 40k,MiniMax,MiniMax training dataset,80.80%,51.70%,40.00%,35.20%,13.70%,37.80%,N/A,N/A,N/A,N/A,N/A,N/A,N/A,N/A,N/A,68.20%,7.50%,65.70%,97.20%,81.30%
MiniMax M1 80k,MiniMax,MiniMax training dataset,81.60%,54.30%,46.20%,37.10%,61.00%,37.40%,N/A,N/A,N/A,N/A,N/A,N/A,N/A,N/A,N/A,69.70%,8.20%,71.10%,98.00%,84.70%
Kimi K2,Moonshot AI,Moonshot AI training dataset,82.40%,51.00%,48.10%,35.00%,57.00%,34.50%,N/A,N/A,N/A,N/A,N/A,N/A,N/A,N/A,N/A,76.60%,7.00%,55.60%,97.10%,69.30%
Llama 3.1 Tulu3 405B,Allen Institute for AI,Allen Institute for AI training dataset,71.60%,N/A,25.40%,N/A,N/A,30.20%,N/A,N/A,N/A,N/A,N/A,N/A,N/A,N/A,N/A,51.60%,3.50%,29.10%,77.80%,13.30%
Granite 3.3 8B (Non-reasoning),IBM,IBM training dataset,46.80%,4.30%,15.20%,7.60%,6.70%,10.10%,N/A,N/A,N/A,N/A,N/A,N/A,N/A,N/A,N/A,33.80%,4.20%,12.70%,66.50%,4.70%
Reka Flash (Sep '24),Reka AI,Reka AI training dataset,N/A,N/A,19.10%,N/A,N/A,N/A,N/A,N/A,N/A,N/A,N/A,N/A,N/A,N/A,N/A,N/A,N/A,N/A,52.90%,N/A
Reka Core,Reka AI,Reka AI training dataset,N/A,N/A,19.40%,N/A,N/A,N/A,N/A,N/A,N/A,N/A,N/A,N/A,N/A,N/A,N/A,N/A,N/A,N/A,55.80%,N/A
Reka Flash (Feb '24),Reka AI,Reka AI training dataset,N/A,N/A,18.70%,N/A,N/A,N/A,N/A,N/A,N/A,N/A,N/A,N/A,N/A,N/A,N/A,N/A,N/A,N/A,32.60%,N/A
Reka Edge,Reka AI,Reka AI training dataset,N/A,N/A,18.50%,N/A,N/A,N/A,N/A,N/A,N/A,N/A,N/A,N/A,N/A,N/A,N/A,N/A,N/A,N/A,21.60%,N/A
Hermes 3 - Llama-3.1 70B,Nous Research,Nous Research training dataset,57.10%,N/A,14.70%,N/A,N/A,23.10%,N/A,N/A,N/A,N/A,N/A,N/A,N/A,N/A,N/A,40.10%,4.10%,18.80%,53.80%,2.30%
GLM-4.5 (Reasoning),Z AI,Z AI training dataset,83.50%,48.30%,51.30%,43.30%,73.70%,34.80%,N/A,N/A,N/A,N/A,N/A,N/A,N/A,N/A,N/A,78.20%,12.20%,73.80%,97.90%,87.30%
Command-R+ (Aug '24),Cohere,Cohere training dataset,42.70%,N/A,7.10%,N/A,N/A,12.20%,N/A,N/A,N/A,N/A,N/A,N/A,N/A,N/A,N/A,33.70%,5.00%,11.10%,40.20%,0.00%
Command-R+ (Apr '24),Cohere,Cohere training dataset,43.20%,N/A,5.50%,N/A,N/A,11.80%,N/A,N/A,N/A,N/A,N/A,N/A,N/A,N/A,N/A,32.30%,4.50%,12.20%,27.90%,0.70%
Command-R (Aug '24),Cohere,Cohere training dataset,33.70%,N/A,100.00%,N/A,N/A,8.70%,N/A,N/A,N/A,N/A,N/A,N/A,N/A,N/A,N/A,28.90%,5.10%,4.40%,14.90%,0.30%
Command-R (Mar '24),Cohere,Cohere training dataset,33.80%,N/A,100.00%,N/A,N/A,6.20%,N/A,N/A,N/A,N/A,N/A,N/A,N/A,N/A,N/A,28.40%,4.80%,4.80%,16.40%,0.70%
Jamba Instruct,AI21 Labs,AI21 Labs training dataset,34.30%,N/A,11.80%,N/A,N/A,8.30%,N/A,N/A,N/A,N/A,N/A,N/A,N/A,N/A,N/A,27.10%,5.20%,4.60%,24.30%,N/A
Jamba 1.6 Mini,AI21 Labs,AI21 Labs training dataset,36.70%,N/A,3.30%,N/A,N/A,10.10%,N/A,N/A,N/A,N/A,N/A,N/A,N/A,N/A,N/A,30.00%,4.60%,7.10%,25.70%,3.30%
Jamba 1.6 Large,AI21 Labs,AI21 Labs training dataset,56.50%,N/A,14.30%,N/A,N/A,18.40%,N/A,N/A,N/A,N/A,N/A,N/A,N/A,N/A,N/A,38.70%,4.00%,17.20%,58.00%,4.70%
Jamba 1.5 Mini,AI21 Labs,AI21 Labs training dataset,37.10%,N/A,4.00%,N/A,N/A,8.00%,N/A,N/A,N/A,N/A,N/A,N/A,N/A,N/A,N/A,30.20%,5.10%,6.20%,35.70%,1.00%
Jamba 1.5 Large,AI21 Labs,AI21 Labs training dataset,57.20%,N/A,14.80%,N/A,N/A,16.30%,N/A,N/A,N/A,N/A,N/A,N/A,N/A,N/A,N/A,42.70%,4.00%,14.30%,60.60%,4.70%
Arctic Instruct,Snowflake,Snowflake training dataset,N/A,N/A,7.60%,N/A,N/A,N/A,N/A,N/A,N/A,N/A,N/A,N/A,N/A,N/A,N/A,N/A,N/A,N/A,N/A,N/A
Qwen2.5 Max,Alibaba,Alibaba training dataset,76.20%,N/A,30.70%,N/A,N/A,33.70%,N/A,N/A,N/A,N/A,N/A,N/A,N/A,N/A,N/A,58.70%,4.50%,35.90%,83.50%,23.30%
Qwen2.5 Instruct 72B,Alibaba,Alibaba training dataset,72.00%,20.30%,29.00%,19.50%,14.00%,26.70%,N/A,N/A,N/A,N/A,N/A,N/A,N/A,N/A,N/A,49.10%,4.20%,27.60%,85.80%,16.00%
Qwen2.5 Coder Instruct 32B,Alibaba,Alibaba training dataset,63.50%,N/A,21.80%,N/A,N/A,27.10%,N/A,N/A,N/A,N/A,N/A,N/A,N/A,N/A,N/A,41.70%,3.80%,29.50%,76.70%,12.00%
Qwen2.5 Turbo,Alibaba,Alibaba training dataset,63.30%,N/A,19.10%,N/A,N/A,15.30%,N/A,N/A,N/A,N/A,N/A,N/A,N/A,N/A,N/A,41.00%,4.20%,16.30%,80.50%,12.00%
Qwen2 Instruct 72B,Alibaba,Alibaba training dataset,62.20%,N/A,18.10%,N/A,N/A,22.90%,N/A,N/A,N/A,N/A,N/A,N/A,N/A,N/A,N/A,37.10%,3.70%,15.90%,70.10%,14.70%
Qwen3 32B (Non-reasoning),Alibaba,Alibaba training dataset,72.70%,0.00%,26.40%,N/A,19.70%,28.00%,N/A,N/A,N/A,N/A,N/A,N/A,N/A,N/A,N/A,53.50%,4.30%,28.80%,86.90%,30.30%
Qwen3 4B (Non-reasoning),Alibaba,Alibaba training dataset,58.60%,N/A,20.70%,N/A,N/A,16.70%,N/A,N/A,N/A,N/A,N/A,N/A,N/A,N/A,N/A,39.80%,3.70%,23.30%,84.30%,21.30%
Qwen2.5 Instruct 32B,Alibaba,Alibaba training dataset,69.70%,N/A,22.90%,N/A,N/A,22.90%,N/A,N/A,N/A,N/A,N/A,N/A,N/A,N/A,N/A,46.60%,3.80%,24.80%,80.50%,11.00%
Qwen3 30B A3B (Reasoning),Alibaba,Alibaba training dataset,77.70%,0.00%,36.70%,27.10%,72.30%,28.50%,N/A,N/A,N/A,N/A,N/A,N/A,N/A,N/A,N/A,61.60%,6.60%,50.60%,95.90%,75.30%
Qwen3 235B A22B (Reasoning),Alibaba,Alibaba training dataset,82.80%,0.00%,41.70%,35.90%,82.00%,39.90%,N/A,N/A,N/A,N/A,N/A,N/A,N/A,N/A,N/A,70.00%,11.70%,62.20%,93.00%,84.00%
Qwen3 32B (Reasoning),Alibaba,Alibaba training dataset,79.80%,0.00%,38.70%,30.90%,73.00%,35.40%,N/A,N/A,N/A,N/A,N/A,N/A,N/A,N/A,N/A,66.80%,8.30%,54.60%,96.10%,80.70%
Qwen3 14B (Non-reasoning),Alibaba,Alibaba training dataset,67.50%,0.00%,29.20%,19.80%,58.00%,26.50%,N/A,N/A,N/A,N/A,N/A,N/A,N/A,N/A,N/A,47.00%,4.20%,28.00%,87.10%,28.00%
Qwen3 1.7B (Non-reasoning),Alibaba,Alibaba training dataset,41.10%,0.00%,14.40%,6.50%,7.30%,6.90%,N/A,N/A,N/A,N/A,N/A,N/A,N/A,N/A,N/A,28.30%,5.20%,12.60%,71.70%,9.70%
Qwen3 8B (Non-reasoning),Alibaba,Alibaba training dataset,64.30%,0.00%,22.90%,13.00%,24.30%,16.80%,N/A,N/A,N/A,N/A,N/A,N/A,N/A,N/A,N/A,45.20%,2.80%,20.20%,82.80%,24.30%
Qwen3 8B (Reasoning),Alibaba,Alibaba training dataset,74.30%,0.00%,28.30%,21.80%,19.00%,22.60%,N/A,N/A,N/A,N/A,N/A,N/A,N/A,N/A,N/A,58.90%,4.20%,40.60%,90.40%,74.70%
QwQ 32B,Alibaba,Alibaba training dataset,76.40%,25.00%,37.90%,N/A,29.00%,35.80%,N/A,N/A,N/A,N/A,N/A,N/A,N/A,N/A,N/A,59.30%,8.20%,63.10%,95.70%,78.00%
Qwen3 235B A22B (Non-reasoning),Alibaba,Alibaba training dataset,76.20%,0.00%,29.90%,23.30%,23.70%,29.90%,N/A,N/A,N/A,N/A,N/A,N/A,N/A,N/A,N/A,61.30%,4.70%,34.30%,90.20%,32.70%
QwQ 32B-Preview,Alibaba,Alibaba training dataset,64.80%,N/A,28.00%,N/A,N/A,3.80%,N/A,N/A,N/A,N/A,N/A,N/A,N/A,N/A,N/A,55.70%,4.80%,33.70%,91.00%,45.30%
Qwen3 4B (Reasoning),Alibaba,Alibaba training dataset,69.60%,0.00%,25.60%,N/A,22.30%,3.50%,N/A,N/A,N/A,N/A,N/A,N/A,N/A,N/A,N/A,52.20%,5.10%,46.50%,93.30%,65.70%
Qwen3 0.6B (Non-reasoning),Alibaba,Alibaba training dataset,23.10%,0.00%,11.00%,3.80%,10.30%,4.10%,N/A,N/A,N/A,N/A,N/A,N/A,N/A,N/A,N/A,23.10%,5.20%,7.30%,52.10%,1.70%
Qwen3 30B A3B (Non-reasoning),Alibaba,Alibaba training dataset,71.00%,0.00%,26.50%,21.60%,21.70%,26.40%,N/A,N/A,N/A,N/A,N/A,N/A,N/A,N/A,N/A,51.50%,4.60%,32.20%,86.30%,26.00%
Qwen2.5 Coder Instruct 7B ,Alibaba,Alibaba training dataset,47.30%,N/A,12.20%,N/A,N/A,14.80%,N/A,N/A,N/A,N/A,N/A,N/A,N/A,N/A,N/A,33.90%,4.80%,12.60%,66.00%,5.30%
Qwen3 14B (Reasoning),Alibaba,Alibaba training dataset,77.40%,0.00%,36.00%,29.10%,55.70%,31.60%,N/A,N/A,N/A,N/A,N/A,N/A,N/A,N/A,N/A,60.40%,4.30%,52.30%,96.10%,76.30%
Qwen Chat 72B,Alibaba,Alibaba training dataset,N/A,N/A,7.60%,N/A,N/A,N/A,N/A,N/A,N/A,N/A,N/A,N/A,N/A,N/A,N/A,N/A,N/A,N/A,N/A,N/A
Qwen3 1.7B (Reasoning),Alibaba,Alibaba training dataset,57.00%,0.00%,22.40%,11.70%,38.70%,4.30%,N/A,N/A,N/A,N/A,N/A,N/A,N/A,N/A,N/A,35.60%,4.80%,30.80%,89.40%,51.00%
Qwen3 Max (Preview),Alibaba,Alibaba training dataset,83.80%,39.70%,48.50%,40.20%,75.00%,37.00%,N/A,N/A,N/A,N/A,N/A,N/A,N/A,N/A,N/A,76.40%,9.30%,65.10%,N/A,N/A
Qwen3 0.6B (Reasoning),Alibaba,Alibaba training dataset,34.70%,0.00%,14.20%,5.00%,18.00%,2.80%,N/A,N/A,N/A,N/A,N/A,N/A,N/A,N/A,N/A,23.90%,5.70%,12.10%,75.00%,10.00%
Qwen1.5 Chat 110B,Alibaba,Alibaba training dataset,N/A,N/A,10.50%,N/A,N/A,N/A,N/A,N/A,N/A,N/A,N/A,N/A,N/A,N/A,N/A,28.90%,N/A,N/A,N/A,N/A
Yi-Large,01.AI,01.AI training dataset,58.60%,N/A,13.40%,N/A,N/A,18.80%,N/A,N/A,N/A,N/A,N/A,N/A,N/A,N/A,N/A,36.30%,3.20%,10.80%,56.20%,6.70%
